{
	"$schema": "https://raw.githubusercontent.com/martinring/tmlanguage/master/tmlanguage.json",
	"name": "Glang",
	"patterns": [
		{
			"include": "#comments"
		},
		{
			"include": "#keywords"
		},
		{
			"include": "#numbers"
		}
	],
	"repository": {
		"comments":{
			"patterns": [
				{
					"name":"comment",
					"match": "//.*"
				}
			]
		},
		"keywords": {
			"patterns": [
				{
					"name": "keyword.control.glang",
					"match": "(,|<=|>=|<|>|==|\\+|\\-|\\*|\\/)"
					
				},
				{
					"name": "string.quoted.single",
					"match": "(#.*?:)"
				},
				{
					"name": "keyword.control.glang",
					"match": "\\b(if|ifkey)\\b"
					
				},
				{
					"name": "support.function",
					"match": "\\b(alive|cursor|print|put|set|post|out|goto|if|ifkey|op|init|display|set_clear|clear|handle_input|area|get|resize|exit|release|sleep|rng|reset)\\b"
				},
				{
					"name":"variable.language",
					"match": "(?<!\\w)\\$\\w+"
				}
		]
		},

		"numbers":
		{
			"patterns": [
				{
					"name": "constant.numeric",
					"match": "([0-9]+)|(\\b(true|false\\b))"
				}
			]
		},
		"strings":{
			"patterns": [
				{
					"name": "string.quoted.double",
					"match": "[\\s\\S]+"
				}
			]
		}
	},
	"scopeName": "source.glg"
}